,Date,change
0,2013-10-30,1
1,2013-10-31,0
2,2013-11-01,-1
3,2013-11-04,1
4,2013-11-05,0
5,2013-11-06,-1
6,2013-11-07,-1
7,2013-11-08,1
8,2013-11-11,0
9,2013-11-12,0
10,2013-11-13,1
11,2013-11-14,1
12,2013-11-15,0
13,2013-11-18,-1
14,2013-11-19,0
15,2013-11-20,-1
16,2013-11-21,1
17,2013-11-22,0
18,2013-11-25,1
19,2013-11-26,1
20,2013-11-27,1
21,2013-11-29,1
22,2013-12-02,-1
23,2013-12-03,1
24,2013-12-04,0
25,2013-12-05,-1
26,2013-12-06,-1
27,2013-12-09,1
28,2013-12-10,0
29,2013-12-11,-1
30,2013-12-12,0
31,2013-12-13,-1
32,2013-12-16,0
33,2013-12-17,0
34,2013-12-18,0
35,2013-12-19,-1
36,2013-12-20,1
37,2013-12-23,0
38,2013-12-24,0
39,2013-12-26,-1
40,2013-12-27,-1
41,2013-12-30,-1
42,2013-12-31,1
43,2014-01-02,0
44,2014-01-03,-1
45,2014-01-06,1
46,2014-01-07,-1
47,2014-01-08,1
48,2014-01-09,-1
49,2014-01-10,-1
50,2014-01-13,1
51,2014-01-14,1
52,2014-01-15,1
53,2014-01-16,0
54,2014-01-17,-1
55,2014-01-21,1
56,2014-01-22,0
57,2014-01-23,1
58,2014-01-24,-1
59,2014-01-27,0
60,2014-01-28,0
61,2014-01-29,-1
62,2014-01-30,-1
63,2014-01-31,1
64,2014-02-03,0
65,2014-02-04,1
66,2014-02-05,1
67,2014-02-06,0
68,2014-02-07,0
69,2014-02-10,1
70,2014-02-11,1
71,2014-02-12,0
72,2014-02-13,1
73,2014-02-14,0
74,2014-02-18,0
75,2014-02-19,-1
76,2014-02-20,0
77,2014-02-21,-1
78,2014-02-24,1
79,2014-02-25,-1
80,2014-02-26,-1
81,2014-02-27,1
82,2014-02-28,-1
83,2014-03-03,1
84,2014-03-04,0
85,2014-03-05,0
86,2014-03-06,0
87,2014-03-07,0
88,2014-03-10,0
89,2014-03-11,0
90,2014-03-12,0
91,2014-03-13,-1
92,2014-03-14,-1
93,2014-03-17,0
94,2014-03-18,1
95,2014-03-19,0
96,2014-03-20,0
97,2014-03-21,0
98,2014-03-24,0
99,2014-03-25,1
100,2014-03-26,-1
101,2014-03-27,0
102,2014-03-28,0
103,2014-03-31,0
104,2014-04-01,1
105,2014-04-02,0
106,2014-04-03,0
107,2014-04-04,-1
108,2014-04-07,-1
109,2014-04-08,0
110,2014-04-09,1
111,2014-04-10,-1
112,2014-04-11,0
113,2014-04-14,0
114,2014-04-15,0
115,2014-04-16,0
116,2014-04-17,1
117,2014-04-21,1
118,2014-04-22,1
119,2014-04-23,-1
120,2014-04-24,0
121,2014-04-25,1
122,2014-04-28,1
123,2014-04-29,0
124,2014-04-30,0
125,2014-05-01,0
126,2014-05-02,0
127,2014-05-05,1
128,2014-05-06,-1
129,2014-05-07,0
130,2014-05-08,0
131,2014-05-09,0
132,2014-05-12,1
133,2014-05-13,0
134,2014-05-14,0
135,2014-05-15,-1
136,2014-05-16,1
137,2014-05-19,1
138,2014-05-20,0
139,2014-05-21,0
140,2014-05-22,0
141,2014-05-23,1
142,2014-05-27,1
143,2014-05-28,0
144,2014-05-29,1
145,2014-05-30,-1
146,2014-06-02,-1
147,2014-06-03,1
148,2014-06-04,1
149,2014-06-05,0
150,2014-06-06,-1
151,2014-06-09,1
152,2014-06-10,-1
153,2014-06-11,0
154,2014-06-12,-1
155,2014-06-13,-1
156,2014-06-16,1
157,2014-06-17,0
158,2014-06-18,0
159,2014-06-19,0
160,2014-06-20,-1
161,2014-06-23,-1
162,2014-06-24,-1
163,2014-06-25,0
164,2014-06-26,1
165,2014-06-27,1
166,2014-06-30,1
167,2014-07-01,0
168,2014-07-02,0
169,2014-07-03,0
170,2014-07-07,1
171,2014-07-08,-1
172,2014-07-09,0
173,2014-07-10,1
174,2014-07-11,0
175,2014-07-14,1
176,2014-07-15,-1
177,2014-07-16,-1
178,2014-07-17,-1
179,2014-07-18,1
180,2014-07-21,-1
181,2014-07-22,0
182,2014-07-23,1
183,2014-07-24,0
184,2014-07-25,1
185,2014-07-28,1
186,2014-07-29,-1
187,2014-07-30,0
188,2014-07-31,-1
189,2014-08-01,1
190,2014-08-04,-1
191,2014-08-05,0
192,2014-08-06,0
193,2014-08-07,0
194,2014-08-08,1
195,2014-08-11,1
196,2014-08-12,0
197,2014-08-13,1
198,2014-08-14,0
199,2014-08-15,0
200,2014-08-18,1
201,2014-08-19,1
202,2014-08-20,0
203,2014-08-21,0
204,2014-08-22,1
205,2014-08-25,0
206,2014-08-26,-1
207,2014-08-27,1
208,2014-08-28,1
209,2014-08-29,0
210,2014-09-02,0
211,2014-09-03,-1
212,2014-09-04,-1
213,2014-09-05,0
214,2014-09-08,-1
215,2014-09-09,-1
216,2014-09-10,1
217,2014-09-11,1
218,2014-09-12,0
219,2014-09-15,-1
220,2014-09-16,1
221,2014-09-17,0
222,2014-09-18,0
223,2014-09-19,-1
224,2014-09-22,-1
225,2014-09-23,1
226,2014-09-24,0
227,2014-09-25,-1
228,2014-09-26,1
229,2014-09-29,1
230,2014-09-30,0
231,2014-10-01,-1
232,2014-10-02,1
233,2014-10-03,0
234,2014-10-06,0
235,2014-10-07,-1
236,2014-10-08,1
237,2014-10-09,-1
238,2014-10-10,0
239,2014-10-13,-1
240,2014-10-14,-1
241,2014-10-15,0
242,2014-10-16,1
243,2014-10-17,0
244,2014-10-20,1
245,2014-10-21,-1
246,2014-10-22,0
247,2014-10-23,1
248,2014-10-24,0
249,2014-10-27,0
250,2014-10-28,1
251,2014-10-29,1
252,2014-10-30,0
253,2014-10-31,0
254,2014-11-03,1
255,2014-11-04,-1
256,2014-11-05,0
257,2014-11-06,0
258,2014-11-07,0
259,2014-11-10,0
260,2014-11-11,1
261,2014-11-12,1
262,2014-11-13,1
263,2014-11-14,1
264,2014-11-17,0
265,2014-11-18,1
266,2014-11-19,-1
267,2014-11-20,1
268,2014-11-21,-1
269,2014-11-24,1
270,2014-11-25,-1
271,2014-11-26,1
272,2014-11-28,0
273,2014-12-01,-1
274,2014-12-02,1
275,2014-12-03,0
276,2014-12-04,0
277,2014-12-05,-1
278,2014-12-08,-1
279,2014-12-09,1
280,2014-12-10,-1
281,2014-12-11,-1
282,2014-12-12,-1
283,2014-12-15,-1
284,2014-12-16,0
285,2014-12-17,1
286,2014-12-18,1
287,2014-12-19,0
288,2014-12-22,1
289,2014-12-23,-1
290,2014-12-24,-1
291,2014-12-26,1
292,2014-12-29,0
293,2014-12-30,-1
294,2014-12-31,-1
295,2015-01-02,-1
296,2015-01-05,-1
297,2015-01-06,0
298,2015-01-07,1
299,2015-01-08,1
300,2015-01-09,-1
301,2015-01-12,-1
302,2015-01-13,-1
303,2015-01-14,1
304,2015-01-15,-1
305,2015-01-16,-1
306,2015-01-20,1
307,2015-01-21,1
308,2015-01-22,1
309,2015-01-23,1
310,2015-01-26,-1
311,2015-01-27,-1
312,2015-01-28,-1
313,2015-01-29,1
314,2015-01-30,-1
315,2015-02-02,0
316,2015-02-03,0
317,2015-02-04,1
318,2015-02-05,0
319,2015-02-06,-1
320,2015-02-09,1
321,2015-02-10,1
322,2015-02-11,1
323,2015-02-12,0
324,2015-02-13,0
325,2015-02-17,0
326,2015-02-18,1
327,2015-02-19,0
328,2015-02-20,1
329,2015-02-23,1
330,2015-02-24,-1
331,2015-02-25,-1
332,2015-02-26,1
333,2015-02-27,-1
334,2015-03-02,0
335,2015-03-03,0
336,2015-03-04,0
337,2015-03-05,-1
338,2015-03-06,-1
339,2015-03-09,-1
340,2015-03-10,-1
341,2015-03-11,-1
342,2015-03-12,1
343,2015-03-13,-1
344,2015-03-16,1
345,2015-03-17,1
346,2015-03-18,1
347,2015-03-19,-1
348,2015-03-20,-1
349,2015-03-23,0
350,2015-03-24,0
351,2015-03-25,-1
352,2015-03-26,1
353,2015-03-27,-1
354,2015-03-30,1
355,2015-03-31,-1
356,2015-04-01,0
357,2015-04-02,0
358,2015-04-06,1
359,2015-04-07,-1
360,2015-04-08,0
361,2015-04-09,1
362,2015-04-10,1
363,2015-04-13,-1
364,2015-04-14,-1
365,2015-04-15,0
366,2015-04-16,0
367,2015-04-17,-1
368,2015-04-20,1
369,2015-04-21,-1
370,2015-04-22,1
371,2015-04-23,1
372,2015-04-24,0
373,2015-04-27,0
374,2015-04-28,-1
375,2015-04-29,-1
376,2015-04-30,-1
377,2015-05-01,1
378,2015-05-04,-1
379,2015-05-05,-1
380,2015-05-06,-1
381,2015-05-07,0
382,2015-05-08,1
383,2015-05-11,-1
384,2015-05-12,0
385,2015-05-13,0
386,2015-05-14,1
387,2015-05-15,0
388,2015-05-18,1
389,2015-05-19,0
390,2015-05-20,0
391,2015-05-21,1
392,2015-05-22,1
393,2015-05-26,-1
394,2015-05-27,1
395,2015-05-28,0
396,2015-05-29,-1
397,2015-06-01,0
398,2015-06-02,0
399,2015-06-03,0
400,2015-06-04,0
401,2015-06-05,-1
402,2015-06-08,-1
403,2015-06-09,1
404,2015-06-10,1
405,2015-06-11,0
406,2015-06-12,-1
407,2015-06-15,1
408,2015-06-16,0
409,2015-06-17,0
410,2015-06-18,1
411,2015-06-19,-1
412,2015-06-22,0
413,2015-06-23,0
414,2015-06-24,1
415,2015-06-25,-1
416,2015-06-26,-1
417,2015-06-29,-1
418,2015-06-30,0
419,2015-07-01,0
420,2015-07-02,0
421,2015-07-06,1
422,2015-07-07,0
423,2015-07-08,-1
424,2015-07-09,-1
425,2015-07-10,1
426,2015-07-13,1
427,2015-07-14,0
428,2015-07-15,1
429,2015-07-16,1
430,2015-07-17,0
431,2015-07-20,1
432,2015-07-21,-1
433,2015-07-22,1
434,2015-07-23,-1
435,2015-07-24,-1
436,2015-07-27,0
437,2015-07-28,0
438,2015-07-29,0
439,2015-07-30,0
440,2015-07-31,-1
441,2015-08-03,-1
442,2015-08-04,-1
443,2015-08-05,1
444,2015-08-06,-1
445,2015-08-07,1
446,2015-08-10,1
447,2015-08-11,-1
448,2015-08-12,1
449,2015-08-13,-1
450,2015-08-14,1
451,2015-08-17,1
452,2015-08-18,0
453,2015-08-19,-1
454,2015-08-20,-1
455,2015-08-21,-1
456,2015-08-24,1
457,2015-08-25,-1
458,2015-08-26,1
459,2015-08-27,1
460,2015-08-28,1
461,2015-08-31,1
462,2015-09-01,-1
463,2015-09-02,1
464,2015-09-03,-1
465,2015-09-04,0
466,2015-09-08,1
467,2015-09-09,-1
468,2015-09-10,1
469,2015-09-11,1
470,2015-09-14,-1
471,2015-09-15,0
472,2015-09-16,0
473,2015-09-17,-1
474,2015-09-18,1
475,2015-09-21,1
476,2015-09-22,0
477,2015-09-23,1
478,2015-09-24,1
479,2015-09-25,-1
480,2015-09-28,-1
481,2015-09-29,-1
482,2015-09-30,0
483,2015-10-01,0
484,2015-10-02,1
485,2015-10-05,1
486,2015-10-06,1
487,2015-10-07,-1
488,2015-10-08,-1
489,2015-10-09,1
490,2015-10-12,-1
491,2015-10-13,1
492,2015-10-14,-1
493,2015-10-15,1
494,2015-10-16,-1
495,2015-10-19,1
496,2015-10-20,1
497,2015-10-21,0
498,2015-10-22,1
499,2015-10-23,1
500,2015-10-26,-1
501,2015-10-27,-1
502,2015-10-28,1
503,2015-10-29,1
504,2015-10-30,-1
505,2015-11-02,0
506,2015-11-03,1
507,2015-11-04,-1
508,2015-11-05,-1
509,2015-11-06,0
510,2015-11-09,0
511,2015-11-10,0
512,2015-11-11,0
513,2015-11-12,0
514,2015-11-13,-1
515,2015-11-16,1
516,2015-11-17,-1
517,2015-11-18,1
518,2015-11-19,1
519,2015-11-20,0
520,2015-11-23,-1
521,2015-11-24,1
522,2015-11-25,-1
523,2015-11-27,0
524,2015-11-30,0
525,2015-12-01,-1
526,2015-12-02,-1
527,2015-12-03,-1
528,2015-12-04,1
529,2015-12-07,-1
530,2015-12-08,1
531,2015-12-09,-1
532,2015-12-10,0
533,2015-12-11,-1
534,2015-12-14,0
535,2015-12-15,-1
536,2015-12-16,0
537,2015-12-17,-1
538,2015-12-18,-1
539,2015-12-21,0
540,2015-12-22,0
541,2015-12-23,1
542,2015-12-24,-1
543,2015-12-28,-1
544,2015-12-29,1
545,2015-12-30,-1
546,2015-12-31,-1
547,2016-01-04,1
548,2016-01-05,-1
549,2016-01-06,0
550,2016-01-07,-1
551,2016-01-08,-1
552,2016-01-11,0
553,2016-01-12,-1
554,2016-01-13,-1
555,2016-01-14,1
556,2016-01-15,1
557,2016-01-19,-1
558,2016-01-20,1
559,2016-01-21,-1
560,2016-01-22,1
561,2016-01-25,-1
562,2016-01-26,0
563,2016-01-27,-1
564,2016-01-28,0
565,2016-01-29,1
566,2016-02-01,0
567,2016-02-02,-1
568,2016-02-03,1
569,2016-02-04,1
570,2016-02-05,-1
571,2016-02-08,1
572,2016-02-09,1
573,2016-02-10,-1
574,2016-02-11,0
575,2016-02-12,0
576,2016-02-16,1
577,2016-02-17,1
578,2016-02-18,-1
579,2016-02-19,0
580,2016-02-22,1
581,2016-02-23,-1
582,2016-02-24,1
583,2016-02-25,1
584,2016-02-26,0
585,2016-02-29,0
586,2016-03-01,1
587,2016-03-02,0
588,2016-03-03,1
589,2016-03-04,1
590,2016-03-07,-1
591,2016-03-08,0
592,2016-03-09,0
593,2016-03-10,0
594,2016-03-11,0
595,2016-03-14,1
596,2016-03-15,1
597,2016-03-16,1
598,2016-03-17,0
599,2016-03-18,0
600,2016-03-21,0
601,2016-03-22,1
602,2016-03-23,0
603,2016-03-24,0
604,2016-03-28,-1
605,2016-03-29,1
606,2016-03-30,1
607,2016-03-31,-1
608,2016-04-01,1
609,2016-04-04,1
610,2016-04-05,0
611,2016-04-06,1
612,2016-04-07,-1
613,2016-04-08,0
614,2016-04-11,0
615,2016-04-12,1
616,2016-04-13,1
617,2016-04-14,0
618,2016-04-15,-1
619,2016-04-18,-1
620,2016-04-19,-1
621,2016-04-20,0
622,2016-04-21,-1
623,2016-04-22,1
624,2016-04-25,0
625,2016-04-26,0
626,2016-04-27,1
627,2016-04-28,-1
628,2016-04-29,0
629,2016-05-02,0
630,2016-05-03,1
631,2016-05-04,-1
632,2016-05-05,-1
633,2016-05-06,-1
634,2016-05-09,0
635,2016-05-10,0
636,2016-05-11,-1
637,2016-05-12,-1
638,2016-05-13,1
639,2016-05-16,1
640,2016-05-17,-1
641,2016-05-18,0
642,2016-05-19,0
643,2016-05-20,1
644,2016-05-23,1
645,2016-05-24,1
646,2016-05-25,1
647,2016-05-26,1
648,2016-05-27,1
649,2016-05-31,0
650,2016-06-01,-1
651,2016-06-02,0
652,2016-06-03,0
653,2016-06-06,1
654,2016-06-07,0
655,2016-06-08,0
656,2016-06-09,1
657,2016-06-10,0
658,2016-06-13,-1
659,2016-06-14,0
660,2016-06-15,-1
661,2016-06-16,1
662,2016-06-17,-1
663,2016-06-20,-1
664,2016-06-21,1
665,2016-06-22,-1
666,2016-06-23,0
667,2016-06-24,1
668,2016-06-27,-1
669,2016-06-28,1
670,2016-06-29,0
671,2016-06-30,1
672,2016-07-01,0
673,2016-07-05,0
674,2016-07-06,1
675,2016-07-07,0
676,2016-07-08,0
677,2016-07-11,0
678,2016-07-12,0
679,2016-07-13,-1
680,2016-07-14,1
681,2016-07-15,0
682,2016-07-18,1
683,2016-07-19,0
684,2016-07-20,0
685,2016-07-21,0
686,2016-07-22,-1
687,2016-07-25,-1
688,2016-07-26,0
689,2016-07-27,-1
690,2016-07-28,1
691,2016-07-29,0
692,2016-08-01,1
693,2016-08-02,-1
694,2016-08-03,1
695,2016-08-04,0
696,2016-08-05,1
697,2016-08-08,1
698,2016-08-09,1
699,2016-08-10,-1
700,2016-08-11,-1
701,2016-08-12,0
702,2016-08-15,1
703,2016-08-16,0
704,2016-08-17,0
705,2016-08-18,0
706,2016-08-19,1
707,2016-08-22,0
708,2016-08-23,0
709,2016-08-24,0
710,2016-08-25,0
711,2016-08-26,0
712,2016-08-29,0
713,2016-08-30,0
714,2016-08-31,0
715,2016-09-01,1
716,2016-09-02,0
717,2016-09-06,0
718,2016-09-07,0
719,2016-09-08,-1
720,2016-09-09,-1
721,2016-09-12,1
722,2016-09-13,0
723,2016-09-14,1
724,2016-09-15,1
725,2016-09-16,0
726,2016-09-19,-1
727,2016-09-20,0
728,2016-09-21,0
729,2016-09-22,0
730,2016-09-23,-1
731,2016-09-26,1
732,2016-09-27,0
733,2016-09-28,0
734,2016-09-29,-1
735,2016-09-30,1
736,2016-10-03,0
737,2016-10-04,0
738,2016-10-05,0
739,2016-10-06,0
740,2016-10-07,0
741,2016-10-10,1
742,2016-10-11,-1
743,2016-10-12,0
744,2016-10-13,0
745,2016-10-14,0
746,2016-10-17,0
747,2016-10-18,-1
748,2016-10-19,0
749,2016-10-20,0
750,2016-10-21,0
751,2016-10-24,0
752,2016-10-25,0
753,2016-10-26,1
754,2016-10-27,-1
755,2016-10-28,0
756,2016-10-31,0
757,2016-11-01,-1
758,2016-11-02,0
759,2016-11-03,-1
760,2016-11-04,0
761,2016-11-07,0
762,2016-11-08,1
763,2016-11-09,1
764,2016-11-10,-1
765,2016-11-11,1
766,2016-11-14,-1
767,2016-11-15,1
768,2016-11-16,1
769,2016-11-17,0
770,2016-11-18,0
771,2016-11-21,1
772,2016-11-22,0
773,2016-11-23,0
774,2016-11-25,1
775,2016-11-28,0
776,2016-11-29,1
777,2016-11-30,-1
778,2016-12-01,-1
779,2016-12-02,1
780,2016-12-05,-1
781,2016-12-06,0
782,2016-12-07,1
783,2016-12-08,1
784,2016-12-09,1
785,2016-12-12,0
786,2016-12-13,1
787,2016-12-14,0
788,2016-12-15,0
789,2016-12-16,0
790,2016-12-19,1
791,2016-12-20,0
792,2016-12-21,0
793,2016-12-22,0
794,2016-12-23,1
795,2016-12-27,1
796,2016-12-28,-1
797,2016-12-29,0
798,2016-12-30,-1
799,2017-01-03,0
800,2017-01-04,0
801,2017-01-05,1
802,2017-01-06,1
803,2017-01-09,1
804,2017-01-10,0
805,2017-01-11,1
806,2017-01-12,0
807,2017-01-13,0
808,2017-01-17,1
809,2017-01-18,0
810,2017-01-19,0
811,2017-01-20,0
812,2017-01-23,0
813,2017-01-24,0
814,2017-01-25,1
815,2017-01-26,0
816,2017-01-27,0
817,2017-01-30,1
818,2017-01-31,0
819,2017-02-01,1
820,2017-02-02,0
821,2017-02-03,1
822,2017-02-06,1
823,2017-02-07,1
824,2017-02-08,1
825,2017-02-09,1
826,2017-02-10,0
827,2017-02-13,0
828,2017-02-14,1
829,2017-02-15,0
830,2017-02-16,0
831,2017-02-17,0
832,2017-02-21,0
833,2017-02-22,0
834,2017-02-23,-1
835,2017-02-24,1
836,2017-02-27,0
837,2017-02-28,0
838,2017-03-01,1
839,2017-03-02,-1
840,2017-03-03,1
841,2017-03-06,0
842,2017-03-07,0
843,2017-03-08,0
844,2017-03-09,0
845,2017-03-10,0
846,2017-03-13,0
847,2017-03-14,0
848,2017-03-15,1
849,2017-03-16,0
850,2017-03-17,-1
851,2017-03-20,1
852,2017-03-21,-1
853,2017-03-22,1
854,2017-03-23,0
855,2017-03-24,-1
856,2017-03-27,1
857,2017-03-28,1
858,2017-03-29,0
859,2017-03-30,0
860,2017-03-31,0
861,2017-04-03,0
862,2017-04-04,1
863,2017-04-05,0
864,2017-04-06,0
865,2017-04-07,0
866,2017-04-10,0
867,2017-04-11,-1
868,2017-04-12,0
869,2017-04-13,-1
870,2017-04-17,0
871,2017-04-18,0
872,2017-04-19,-1
873,2017-04-20,1
874,2017-04-21,0
875,2017-04-24,0
876,2017-04-25,0
877,2017-04-26,-1
878,2017-04-27,0
879,2017-04-28,0
880,2017-05-01,1
881,2017-05-02,0
882,2017-05-03,1
883,2017-05-04,0
884,2017-05-05,1
885,2017-05-08,1
886,2017-05-09,0
887,2017-05-10,0
888,2017-05-11,1
889,2017-05-12,1
890,2017-05-15,0
891,2017-05-16,0
892,2017-05-17,-1
893,2017-05-18,1
894,2017-05-19,0
895,2017-05-22,0
896,2017-05-23,-1
897,2017-05-24,0
898,2017-05-25,0
899,2017-05-26,0
900,2017-05-30,0
901,2017-05-31,-1
902,2017-06-01,0
903,2017-06-02,1
904,2017-06-05,0
905,2017-06-06,0
906,2017-06-07,0
907,2017-06-08,0
908,2017-06-09,-1
909,2017-06-12,0
910,2017-06-13,0
911,2017-06-14,-1
912,2017-06-15,1
913,2017-06-16,-1
914,2017-06-19,1
915,2017-06-20,-1
916,2017-06-21,0
917,2017-06-22,0
918,2017-06-23,1
919,2017-06-26,-1
920,2017-06-27,-1
921,2017-06-28,1
922,2017-06-29,-1
923,2017-06-30,0
924,2017-07-03,-1
925,2017-07-05,0
926,2017-07-06,0
927,2017-07-07,1
928,2017-07-10,1
929,2017-07-11,1
930,2017-07-12,0
931,2017-07-13,1
932,2017-07-14,1
933,2017-07-17,0
934,2017-07-18,1
935,2017-07-19,0
936,2017-07-20,-1
937,2017-07-21,0
938,2017-07-24,1
939,2017-07-25,1
940,2017-07-26,0
941,2017-07-27,-1
942,2017-07-28,0
943,2017-07-31,-1
944,2017-08-01,1
945,2017-08-02,-1
946,2017-08-03,-1
947,2017-08-04,0
948,2017-08-07,1
949,2017-08-08,1
950,2017-08-09,1
951,2017-08-10,-1
952,2017-08-11,1
953,2017-08-14,0
954,2017-08-15,1
955,2017-08-16,-1
956,2017-08-17,-1
957,2017-08-18,0
958,2017-08-21,0
959,2017-08-22,1
960,2017-08-23,1
961,2017-08-24,-1
962,2017-08-25,0
963,2017-08-28,1
964,2017-08-29,1
965,2017-08-30,0
966,2017-08-31,0
967,2017-09-01,0
968,2017-09-05,-1
969,2017-09-06,0
970,2017-09-07,-1
971,2017-09-08,-1
972,2017-09-11,1
973,2017-09-12,-1
974,2017-09-13,0
975,2017-09-14,0
976,2017-09-15,1
977,2017-09-18,-1
978,2017-09-19,0
979,2017-09-20,-1
980,2017-09-21,-1
981,2017-09-22,0
982,2017-09-25,0
983,2017-09-26,1
984,2017-09-27,0
985,2017-09-28,0
986,2017-09-29,1
987,2017-10-02,0
988,2017-10-03,0
989,2017-10-04,0
990,2017-10-05,1
991,2017-10-06,0
992,2017-10-09,0
993,2017-10-10,0
994,2017-10-11,0
995,2017-10-12,0
996,2017-10-13,0
997,2017-10-16,1
998,2017-10-17,0
999,2017-10-18,0
1000,2017-10-19,0
1001,2017-10-20,0
1002,2017-10-23,0
1003,2017-10-24,1
1004,2017-10-25,0
1005,2017-10-26,0
1006,2017-10-27,1
1007,2017-10-30,1
1008,2017-10-31,1
1009,2017-11-01,-1
1010,2017-11-02,1
1011,2017-11-03,-1
1012,2017-11-06,1
1013,2017-11-07,1
1014,2017-11-08,1
1015,2017-11-09,0
1016,2017-11-10,0
1017,2017-11-13,0
1018,2017-11-14,-1
1019,2017-11-15,-1
1020,2017-11-16,0
1021,2017-11-17,-1
1022,2017-11-20,0
1023,2017-11-21,1
1024,2017-11-22,1
1025,2017-11-24,0
1026,2017-11-27,-1
1027,2017-11-28,-1
1028,2017-11-29,-1
1029,2017-11-30,1
1030,2017-12-01,1
1031,2017-12-04,-1
1032,2017-12-05,0
1033,2017-12-06,1
1034,2017-12-07,0
1035,2017-12-08,-1
1036,2017-12-11,1
1037,2017-12-12,0
1038,2017-12-13,0
1039,2017-12-14,0
1040,2017-12-15,0
1041,2017-12-18,1
1042,2017-12-19,0
1043,2017-12-20,0
1044,2017-12-21,0
1045,2017-12-22,0
1046,2017-12-26,0
1047,2017-12-27,0
1048,2017-12-28,0
1049,2017-12-29,-1
1050,2018-01-02,1
1051,2018-01-03,0
1052,2018-01-04,0
1053,2018-01-05,1
1054,2018-01-08,0
1055,2018-01-09,0
1056,2018-01-10,1
1057,2018-01-11,0
1058,2018-01-12,1
1059,2018-01-16,-1
1060,2018-01-17,1
1061,2018-01-18,0
1062,2018-01-19,0
1063,2018-01-22,0
1064,2018-01-23,0
1065,2018-01-24,-1
1066,2018-01-25,-1
1067,2018-01-26,0
1068,2018-01-29,-1
1069,2018-01-30,1
1070,2018-01-31,0
1071,2018-02-01,0
1072,2018-02-02,-1
1073,2018-02-05,-1
1074,2018-02-06,1
1075,2018-02-07,-1
1076,2018-02-08,-1
1077,2018-02-09,0
1078,2018-02-12,1
1079,2018-02-13,1
1080,2018-02-14,1
1081,2018-02-15,1
1082,2018-02-16,0
1083,2018-02-20,0
1084,2018-02-21,-1
1085,2018-02-22,0
1086,2018-02-23,1
1087,2018-02-26,1
1088,2018-02-27,0
1089,2018-02-28,-1
1090,2018-03-01,-1
1091,2018-03-02,1
1092,2018-03-05,1
1093,2018-03-06,-1
1094,2018-03-07,0
1095,2018-03-08,1
1096,2018-03-09,1
1097,2018-03-12,1
1098,2018-03-13,-1
1099,2018-03-14,-1
1100,2018-03-15,0
1101,2018-03-16,0
1102,2018-03-19,-1
1103,2018-03-20,0
1104,2018-03-21,-1
1105,2018-03-22,-1
1106,2018-03-23,-1
1107,2018-03-26,1
1108,2018-03-27,-1
1109,2018-03-28,0
1110,2018-03-29,0
1111,2018-04-02,0
1112,2018-04-03,0
1113,2018-04-04,1
1114,2018-04-05,0
1115,2018-04-06,-1
1116,2018-04-09,0
1117,2018-04-10,0
1118,2018-04-11,0
1119,2018-04-12,0
1120,2018-04-13,0
1121,2018-04-16,0
1122,2018-04-17,1
1123,2018-04-18,0
1124,2018-04-19,-1
1125,2018-04-20,-1
1126,2018-04-23,-1
1127,2018-04-24,-1
1128,2018-04-25,1
1129,2018-04-26,0
1130,2018-04-27,-1
1131,2018-04-30,1
1132,2018-05-01,1
1133,2018-05-02,1
1134,2018-05-03,1
1135,2018-05-04,1
1136,2018-05-07,0
1137,2018-05-08,1
1138,2018-05-09,0
1139,2018-05-10,1
1140,2018-05-11,0
1141,2018-05-14,0
1142,2018-05-15,0
1143,2018-05-16,1
1144,2018-05-17,-1
1145,2018-05-18,0
1146,2018-05-21,0
1147,2018-05-22,-1
1148,2018-05-23,1
1149,2018-05-24,0
1150,2018-05-25,0
1151,2018-05-29,0
1152,2018-05-30,0
1153,2018-05-31,0
1154,2018-06-01,1
1155,2018-06-04,0
1156,2018-06-05,0
1157,2018-06-06,0
1158,2018-06-07,0
1159,2018-06-08,0
1160,2018-06-11,0
1161,2018-06-12,0
1162,2018-06-13,-1
1163,2018-06-14,0
1164,2018-06-15,-1
1165,2018-06-18,0
1166,2018-06-19,0
1167,2018-06-20,0
1168,2018-06-21,-1
1169,2018-06-22,-1
1170,2018-06-25,-1
1171,2018-06-26,1
1172,2018-06-27,-1
1173,2018-06-28,1
1174,2018-06-29,-1
1175,2018-07-02,1
1176,2018-07-03,-1
1177,2018-07-05,0
1178,2018-07-06,1
1179,2018-07-09,1
1180,2018-07-10,0
1181,2018-07-11,0
1182,2018-07-12,1
1183,2018-07-13,0
1184,2018-07-16,0
1185,2018-07-17,1
1186,2018-07-18,-1
1187,2018-07-19,1
1188,2018-07-20,0
1189,2018-07-23,0
1190,2018-07-24,0
1191,2018-07-25,1
1192,2018-07-26,0
1193,2018-07-27,-1
1194,2018-07-30,-1
1195,2018-07-31,0
1196,2018-08-01,1
1197,2018-08-02,1
1198,2018-08-03,0
1199,2018-08-06,1
1200,2018-08-07,-1
1201,2018-08-08,1
1202,2018-08-09,0
1203,2018-08-10,0
1204,2018-08-13,0
1205,2018-08-14,0
1206,2018-08-15,0
1207,2018-08-16,1
1208,2018-08-17,1
1209,2018-08-20,-1
1210,2018-08-21,-1
1211,2018-08-22,0
1212,2018-08-23,0
1213,2018-08-24,0
1214,2018-08-27,0
1215,2018-08-28,0
1216,2018-08-29,1
1217,2018-08-30,1
1218,2018-08-31,0
1219,2018-09-04,0
1220,2018-09-05,-1
1221,2018-09-06,-1
1222,2018-09-07,0
1223,2018-09-10,-1
1224,2018-09-11,1
1225,2018-09-12,-1
1226,2018-09-13,1
1227,2018-09-14,-1
1228,2018-09-17,-1
1229,2018-09-18,0
1230,2018-09-19,0
1231,2018-09-20,0
1232,2018-09-21,-1
1233,2018-09-24,1
1234,2018-09-25,1
1235,2018-09-26,0
1236,2018-09-27,1
1237,2018-09-28,0
1238,2018-10-01,0
1239,2018-10-02,1
1240,2018-10-03,1
1241,2018-10-04,-1
1242,2018-10-05,-1
1243,2018-10-08,1
1244,2018-10-09,1
1245,2018-10-10,-1
1246,2018-10-11,0
1247,2018-10-12,1
1248,2018-10-15,-1
1249,2018-10-16,1
1250,2018-10-17,0
1251,2018-10-18,-1
1252,2018-10-19,1
1253,2018-10-22,0
1254,2018-10-23,1
1255,2018-10-24,-1
1256,2018-10-25,1
1257,2018-10-26,0
1258,2018-10-29,-1
1259,2018-10-30,1
1260,2018-10-31,1
1261,2018-11-01,1
1262,2018-11-02,-1
1263,2018-11-05,-1
1264,2018-11-06,1
1265,2018-11-07,1
1266,2018-11-08,-1
1267,2018-11-09,-1
1268,2018-11-12,-1
1269,2018-11-13,0
1270,2018-11-14,-1
1271,2018-11-15,1
1272,2018-11-16,1
1273,2018-11-19,-1
1274,2018-11-20,-1
1275,2018-11-21,-1
1276,2018-11-23,-1
1277,2018-11-26,0
1278,2018-11-27,1
1279,2018-11-28,1
1280,2018-11-29,-1
1281,2018-11-30,-1
1282,2018-12-03,0
1283,2018-12-04,-1
1284,2018-12-06,1
1285,2018-12-07,-1
1286,2018-12-10,1
1287,2018-12-11,-1
1288,2018-12-12,-1
1289,2018-12-13,0
1290,2018-12-14,-1
1291,2018-12-17,-1
1292,2018-12-18,0
1293,2018-12-19,-1
1294,2018-12-20,-1
1295,2018-12-21,-1
1296,2018-12-24,-1
1297,2018-12-26,1
1298,2018-12-27,0
1299,2018-12-28,-1
1300,2018-12-31,0
1301,2019-01-02,1
1302,2019-01-03,-1
1303,2019-01-04,1
1304,2019-01-07,-1
1305,2019-01-08,1
1306,2019-01-09,1
1307,2019-01-10,1
1308,2019-01-11,0
1309,2019-01-14,-1
1310,2019-01-15,1
1311,2019-01-16,1
1312,2019-01-17,1
1313,2019-01-18,0
1314,2019-01-22,-1
1315,2019-01-23,0
1316,2019-01-24,-1
1317,2019-01-25,1
1318,2019-01-28,0
1319,2019-01-29,-1
1320,2019-01-30,1
1321,2019-01-31,0
1322,2019-02-01,0
1323,2019-02-04,1
1324,2019-02-05,1
1325,2019-02-06,0
1326,2019-02-07,-1
1327,2019-02-08,1
1328,2019-02-11,-1
1329,2019-02-12,0
1330,2019-02-13,-1
1331,2019-02-14,1
1332,2019-02-15,0
1333,2019-02-19,1
1334,2019-02-20,0
1335,2019-02-21,0
1336,2019-02-22,1
1337,2019-02-25,0
1338,2019-02-26,0
1339,2019-02-27,1
1340,2019-02-28,-1
1341,2019-03-01,0
1342,2019-03-04,0
1343,2019-03-05,0
1344,2019-03-06,0
1345,2019-03-07,-1
1346,2019-03-08,1
1347,2019-03-11,1
1348,2019-03-12,1
1349,2019-03-13,0
1350,2019-03-14,0
1351,2019-03-15,1
1352,2019-03-18,1
1353,2019-03-19,-1
1354,2019-03-20,1
1355,2019-03-21,1
1356,2019-03-22,-1
1357,2019-03-25,-1
1358,2019-03-26,-1
1359,2019-03-27,0
1360,2019-03-28,0
1361,2019-03-29,0
1362,2019-04-01,0
1363,2019-04-02,1
1364,2019-04-03,1
1365,2019-04-04,0
1366,2019-04-05,0
1367,2019-04-08,1
1368,2019-04-09,0
1369,2019-04-10,1
1370,2019-04-11,-1
1371,2019-04-12,0
1372,2019-04-15,0
1373,2019-04-16,0
1374,2019-04-17,1
1375,2019-04-18,0
1376,2019-04-22,1
1377,2019-04-23,1
1378,2019-04-24,0
1379,2019-04-25,-1
1380,2019-04-26,0
1381,2019-04-29,0
1382,2019-04-30,-1
1383,2019-05-01,0
1384,2019-05-02,0
1385,2019-05-03,0
1386,2019-05-06,1
1387,2019-05-07,-1
1388,2019-05-08,0
1389,2019-05-09,0
1390,2019-05-10,0
1391,2019-05-13,-1
1392,2019-05-14,1
1393,2019-05-15,1
1394,2019-05-16,0
1395,2019-05-17,1
1396,2019-05-20,0
1397,2019-05-21,1
1398,2019-05-22,-1
1399,2019-05-23,0
1400,2019-05-24,-1
1401,2019-05-28,0
1402,2019-05-29,1
1403,2019-05-30,0
1404,2019-05-31,-1
1405,2019-06-03,-1
1406,2019-06-04,1
1407,2019-06-05,-1
1408,2019-06-06,1
1409,2019-06-07,1
1410,2019-06-10,0
1411,2019-06-11,0
1412,2019-06-12,0
1413,2019-06-13,0
1414,2019-06-14,1
1415,2019-06-17,1
1416,2019-06-18,1
1417,2019-06-19,-1
1418,2019-06-20,0
1419,2019-06-21,0
1420,2019-06-24,0
1421,2019-06-25,-1
1422,2019-06-26,1
1423,2019-06-27,0
1424,2019-06-28,0
1425,2019-07-01,-1
1426,2019-07-02,1
1427,2019-07-03,1
1428,2019-07-05,0
1429,2019-07-08,0
1430,2019-07-09,1
1431,2019-07-10,1
1432,2019-07-11,-1
1433,2019-07-12,0
1434,2019-07-15,1
1435,2019-07-16,0
1436,2019-07-17,0
1437,2019-07-18,1
1438,2019-07-19,-1
1439,2019-07-22,1
1440,2019-07-23,0
1441,2019-07-24,0
1442,2019-07-25,-1
1443,2019-07-26,0
1444,2019-07-29,1
1445,2019-07-30,0
1446,2019-07-31,-1
1447,2019-08-01,-1
1448,2019-08-02,-1
1449,2019-08-05,-1
1450,2019-08-06,0
1451,2019-08-07,1
1452,2019-08-08,1
1453,2019-08-09,0
1454,2019-08-12,0
1455,2019-08-13,1
1456,2019-08-14,0
1457,2019-08-15,-1
1458,2019-08-16,1
1459,2019-08-19,0
1460,2019-08-20,0
1461,2019-08-21,0
1462,2019-08-22,0
1463,2019-08-23,-1
1464,2019-08-26,0
1465,2019-08-27,-1
1466,2019-08-28,1
1467,2019-08-29,0
1468,2019-08-30,-1
1469,2019-09-03,0
1470,2019-09-04,0
1471,2019-09-05,1
1472,2019-09-06,0
1473,2019-09-09,0
1474,2019-09-10,1
1475,2019-09-11,1
1476,2019-09-12,-1
1477,2019-09-13,-1
1478,2019-09-16,1
1479,2019-09-17,0
1480,2019-09-18,1
1481,2019-09-19,0
1482,2019-09-20,-1
1483,2019-09-23,0
1484,2019-09-24,-1
1485,2019-09-25,1
1486,2019-09-26,0
1487,2019-09-27,-1
1488,2019-09-30,1
1489,2019-10-01,0
1490,2019-10-02,-1
1491,2019-10-03,1
1492,2019-10-04,1
1493,2019-10-07,0
1494,2019-10-08,-1
1495,2019-10-09,0
1496,2019-10-10,1
1497,2019-10-11,1
1498,2019-10-14,0
1499,2019-10-15,0
1500,2019-10-16,0
1501,2019-10-17,0
1502,2019-10-18,1
1503,2019-10-21,1
1504,2019-10-22,0
1505,2019-10-23,0
1506,2019-10-24,0
1507,2019-10-25,1
1508,2019-10-28,1
1509,2019-10-29,-1
1510,2019-10-30,-1
1511,2019-10-31,1
1512,2019-11-01,1
1513,2019-11-04,0
1514,2019-11-05,0
1515,2019-11-06,0
1516,2019-11-07,0
1517,2019-11-08,1
1518,2019-11-11,1
1519,2019-11-12,0
1520,2019-11-13,1
1521,2019-11-14,0
1522,2019-11-15,1
1523,2019-11-18,0
1524,2019-11-19,-1
1525,2019-11-20,-1
1526,2019-11-21,-1
1527,2019-11-22,0
1528,2019-11-25,1
1529,2019-11-26,-1
1530,2019-11-27,1
1531,2019-11-29,0
1532,2019-12-02,-1
1533,2019-12-03,0
1534,2019-12-04,0
1535,2019-12-05,1
1536,2019-12-06,1
1537,2019-12-09,-1
1538,2019-12-10,0
1539,2019-12-11,1
1540,2019-12-12,1
1541,2019-12-13,1
1542,2019-12-16,1
1543,2019-12-17,0
1544,2019-12-18,0
1545,2019-12-19,0
1546,2019-12-20,-1
1547,2019-12-23,1
1548,2019-12-24,0
1549,2019-12-26,1
1550,2019-12-27,0
1551,2019-12-30,1
1552,2019-12-31,1
1553,2020-01-02,1
1554,2020-01-03,0
1555,2020-01-06,1
1556,2020-01-07,0
1557,2020-01-08,1
1558,2020-01-09,1
1559,2020-01-10,0
1560,2020-01-13,1
1561,2020-01-14,-1
1562,2020-01-15,0
1563,2020-01-16,1
1564,2020-01-17,1
1565,2020-01-21,0
1566,2020-01-22,0
1567,2020-01-23,0
1568,2020-01-24,-1
1569,2020-01-27,0
1570,2020-01-28,1
1571,2020-01-29,0
1572,2020-01-30,1
1573,2020-01-31,-1
1574,2020-02-03,1
1575,2020-02-04,1
1576,2020-02-05,-1
1577,2020-02-06,1
1578,2020-02-07,-1
1579,2020-02-10,1
1580,2020-02-11,-1
1581,2020-02-12,1
1582,2020-02-13,0
1583,2020-02-14,0
1584,2020-02-18,1
1585,2020-02-19,1
1586,2020-02-20,-1
1587,2020-02-21,-1
1588,2020-02-24,0
1589,2020-02-25,-1
1590,2020-02-26,1
1591,2020-02-27,-1
1592,2020-02-28,1
1593,2020-03-02,1
1594,2020-03-03,-1
1595,2020-03-04,1
1596,2020-03-05,-1
1597,2020-03-06,1
1598,2020-03-09,1
1599,2020-03-10,1
1600,2020-03-11,-1
1601,2020-03-12,-1
1602,2020-03-13,1
1603,2020-03-16,0
1604,2020-03-17,1
1605,2020-03-18,1
1606,2020-03-19,-1
1607,2020-03-20,-1
1608,2020-03-23,-1
1609,2020-03-24,1
1610,2020-03-25,-1
1611,2020-03-26,1
1612,2020-03-27,-1
1613,2020-03-30,1
1614,2020-03-31,-1
1615,2020-04-01,-1
1616,2020-04-02,1
1617,2020-04-03,-1
1618,2020-04-06,1
1619,2020-04-07,-1
1620,2020-04-08,1
1621,2020-04-09,0
1622,2020-04-13,1
1623,2020-04-14,1
1624,2020-04-15,1
1625,2020-04-16,0
1626,2020-04-17,-1
1627,2020-04-20,0
1628,2020-04-21,-1
1629,2020-04-22,1
1630,2020-04-23,0
1631,2020-04-24,1
1632,2020-04-27,0
1633,2020-04-28,-1
1634,2020-04-29,1
1635,2020-04-30,1
1636,2020-05-01,1
1637,2020-05-04,1
1638,2020-05-05,1
1639,2020-05-06,0
1640,2020-05-07,0
1641,2020-05-08,1
1642,2020-05-11,1
1643,2020-05-12,-1
1644,2020-05-13,-1
1645,2020-05-14,1
1646,2020-05-15,1
1647,2020-05-18,1
1648,2020-05-19,-1
1649,2020-05-20,1
1650,2020-05-21,-1
1651,2020-05-22,1
1652,2020-05-26,-1
1653,2020-05-27,1
1654,2020-05-28,0
1655,2020-05-29,0
1656,2020-06-01,1
1657,2020-06-02,1
1658,2020-06-03,0
1659,2020-06-04,-1
1660,2020-06-05,1
1661,2020-06-08,1
1662,2020-06-09,1
1663,2020-06-10,1
1664,2020-06-11,-1
1665,2020-06-12,-1
1666,2020-06-15,1
1667,2020-06-16,0
1668,2020-06-17,-1
1669,2020-06-18,0
1670,2020-06-19,-1
1671,2020-06-22,1
1672,2020-06-23,1
1673,2020-06-24,-1
1674,2020-06-25,1
1675,2020-06-26,-1
1676,2020-06-29,1
1677,2020-06-30,1
1678,2020-07-01,0
1679,2020-07-02,-1
1680,2020-07-06,1
1681,2020-07-07,-1
1682,2020-07-08,1
1683,2020-07-09,-1
1684,2020-07-10,1
1685,2020-07-13,-1
1686,2020-07-14,1
1687,2020-07-15,-1
1688,2020-07-16,0
1689,2020-07-17,-1
1690,2020-07-20,1
1691,2020-07-21,-1
1692,2020-07-22,1
1693,2020-07-23,-1
1694,2020-07-24,1
1695,2020-07-27,1
1696,2020-07-28,-1
1697,2020-07-29,1
1698,2020-07-30,1
1699,2020-07-31,1
1700,2020-08-03,1
1701,2020-08-04,0
1702,2020-08-05,1
1703,2020-08-06,1
1704,2020-08-07,-1
1705,2020-08-10,0
1706,2020-08-11,-1
1707,2020-08-12,1
1708,2020-08-13,1
1709,2020-08-14,0
1710,2020-08-17,-1
1711,2020-08-18,1
1712,2020-08-19,0
1713,2020-08-20,1
1714,2020-08-21,1
1715,2020-08-24,-1
1716,2020-08-25,0
1717,2020-08-26,0
1718,2020-08-27,-1
1719,2020-08-28,-1
1720,2020-08-31,1
1721,2020-09-01,1
1722,2020-09-02,-1
1723,2020-09-03,-1
1724,2020-09-04,1
1725,2020-09-08,-1
1726,2020-09-09,0
1727,2020-09-10,-1
1728,2020-09-11,-1
1729,2020-09-14,1
1730,2020-09-15,-1
1731,2020-09-16,-1
1732,2020-09-17,1
1733,2020-09-18,-1
1734,2020-09-21,1
1735,2020-09-22,-1
1736,2020-09-23,-1
1737,2020-09-24,1
1738,2020-09-25,1
1739,2020-09-28,0
1740,2020-09-29,0
1741,2020-09-30,1
1742,2020-10-01,-1
1743,2020-10-02,0
1744,2020-10-05,1
1745,2020-10-06,-1
1746,2020-10-07,0
1747,2020-10-08,-1
1748,2020-10-09,1
1749,2020-10-12,1
1750,2020-10-13,-1
1751,2020-10-14,0
1752,2020-10-15,1
1753,2020-10-16,-1
1754,2020-10-19,-1
1755,2020-10-20,1
1756,2020-10-21,0
1757,2020-10-22,-1
1758,2020-10-23,-1
1759,2020-10-26,1
1760,2020-10-27,1
1761,2020-10-28,-1
1762,2020-10-29,1
